date,Sentiment Score
2025-01-06,0.64
2025-01-07,0.48
2025-01-08,0.59
2025-01-09,0.36
2025-01-10,0.56
2025-01-13,0.52
2025-01-14,0.54
2025-01-15,0.63
2025-01-16,0.48
2025-01-17,0.63
2025-01-20,0.43
2025-01-21,0.58
2025-01-22,0.78
2025-01-23,0.59
2025-01-24,0.58
2025-01-27,0.28
2025-01-28,0.54
2025-01-29,0.41
2025-01-30,0.36
2025-01-31,0.52
