date,price
2025-01-06,148.59
2025-01-07,153.03
2025-01-08,142.58
2025-01-10,137.45
2025-01-13,129.99
2025-01-14,136.05
2025-01-15,133.65
2025-01-16,138.64
2025-01-17,136.69
2025-01-21,139.16
2025-01-22,144.66
2025-01-23,145.05
2025-01-24,148.37
2025-01-27,124.8
2025-01-28,121.81
2025-01-29,126.5
2025-01-30,123.1
2025-01-31,123.78
